First_Name,Last_Name,Email
Anthony,Cameron,camerona6581@faytechcc.edu
Cat,Dog,catdog@faytechcc.edu
Minnie,Mouse,minne@faytechcc.edu
Mickey,Mouse,mickey@faytechcc.edu
Donald,Duck,donald@faytechcc.edu
Daisy,Duck,daisy@faytechcc.edu
Ric,Flair,spacemountain@faytechcc.edu
Johnny,Valentine,thehammer@faytechcc.edu
BillyDee,Williams,shaft@faytechcc.edu
Bruce,Lee,thedragon@faytechcc.edu
